05/08/2012 12:59,16384
05/08/2012 13:00,16384
05/08/2012 13:01,16384
05/08/2012 13:02,16384
05/08/2012 13:03,16384
05/08/2012 13:04,16384
05/08/2012 13:05,16384
05/08/2012 13:06,16384
05/08/2012 13:07,16384
05/08/2012 13:08,16384
05/08/2012 13:09,16384
05/08/2012 13:10,16384
05/08/2012 13:11,16384
05/08/2012 13:12,16384
05/08/2012 13:13,16384
05/08/2012 13:14,16384
05/08/2012 13:15,16384
05/08/2012 13:16,16384
05/08/2012 13:17,16384
05/08/2012 13:18,16384
05/08/2012 13:19,16384
05/08/2012 13:20,16384
05/08/2012 13:21,16384
05/08/2012 13:22,16384
05/08/2012 13:23,16384
05/08/2012 13:24,16384
05/08/2012 13:25,16384
05/08/2012 13:26,16384
05/08/2012 13:27,16384
05/08/2012 13:28,16384
05/08/2012 13:29,16384
05/08/2012 13:30,16384
05/08/2012 13:31,16384
05/08/2012 13:32,16384
05/08/2012 13:33,16384
05/08/2012 13:34,16384
05/08/2012 13:35,16384
05/08/2012 13:36,16384
05/08/2012 13:37,16384
05/08/2012 13:38,16384
05/08/2012 13:39,16384
05/08/2012 13:40,16384
05/08/2012 13:41,16384
05/08/2012 13:42,16384
05/08/2012 13:43,16384
05/08/2012 13:44,16384
05/08/2012 13:45,16384
05/08/2012 13:46,16384
05/08/2012 13:47,16384
05/08/2012 13:48,16384
05/08/2012 13:49,16384
05/08/2012 13:50,16384
05/08/2012 13:51,16384
05/08/2012 13:52,16384
05/08/2012 13:53,16384
05/08/2012 13:54,16384
05/08/2012 13:55,16384
05/08/2012 13:56,16384
05/08/2012 13:57,16384
05/08/2012 13:58,16384
05/08/2012 13:59,16384
05/08/2012 14:00,16384
05/08/2012 14:01,16384
05/08/2012 14:02,16384
05/08/2012 14:03,16384
05/08/2012 14:04,16384
05/08/2012 14:05,16384
05/08/2012 14:06,16416
05/08/2012 14:07,16448
05/08/2012 14:08,16480
05/08/2012 14:09,16512
05/08/2012 14:10,16544
05/08/2012 14:11,16576
05/08/2012 14:12,16608
05/08/2012 14:13,16640
05/08/2012 14:14,16672
05/08/2012 14:15,16704
05/08/2012 14:16,16736
05/08/2012 14:17,16768
05/08/2012 14:18,16800
05/08/2012 14:19,16832
05/08/2012 14:20,16864
05/08/2012 14:21,16896
05/08/2012 14:22,16928
05/08/2012 14:23,16960
05/08/2012 14:24,16992
05/08/2012 14:25,17024
05/08/2012 14:26,17056
05/08/2012 14:27,17088
05/08/2012 14:28,17120
05/08/2012 14:29,17152
05/08/2012 14:30,17184
05/08/2012 14:31,17216
05/08/2012 14:32,17248
05/08/2012 14:33,17280
05/08/2012 14:34,17312
05/08/2012 14:35,17344
05/08/2012 14:36,17376
05/08/2012 14:37,17408
05/08/2012 14:38,17440
05/08/2012 14:38,17472
05/08/2012 14:39,17504
05/08/2012 14:40,17536
05/08/2012 14:41,17568
05/08/2012 14:42,17600
05/08/2012 14:43,17632
05/08/2012 14:44,17664
05/08/2012 14:45,17696
05/08/2012 14:46,17728
05/08/2012 14:47,17760
05/08/2012 14:48,17792
05/08/2012 14:49,17824
05/08/2012 14:50,17856
05/08/2012 14:51,17888
05/08/2012 14:52,17920
05/08/2012 14:53,17952
05/08/2012 14:54,17984
05/08/2012 14:55,18016
05/08/2012 14:56,18048
05/08/2012 14:57,18080
05/08/2012 14:58,18112
05/08/2012 14:59,18144
05/08/2012 15:00,18176
05/08/2012 15:01,18208
05/08/2012 15:02,18240
05/08/2012 15:03,18272
05/08/2012 15:04,18304
05/08/2012 15:05,18336
05/08/2012 15:06,18368
05/08/2012 15:07,18400
05/08/2012 15:08,18432
05/08/2012 15:09,18464
05/08/2012 15:10,18496
05/08/2012 15:11,18528
05/08/2012 15:12,18560
05/08/2012 15:13,18592
05/08/2012 15:14,18624
05/08/2012 15:15,18656
05/08/2012 15:16,18688
05/08/2012 15:17,18720
05/08/2012 15:18,18752
05/08/2012 15:19,18784
05/08/2012 15:20,18816
05/08/2012 15:21,18848
05/08/2012 15:22,18880
05/08/2012 15:23,18912
05/08/2012 15:24,18944
05/08/2012 15:25,18976
05/08/2012 15:26,19008
05/08/2012 15:27,19040
05/08/2012 15:28,19072
05/08/2012 15:29,19104
05/08/2012 15:30,19136
05/08/2012 15:31,19168
05/08/2012 15:32,19200
05/08/2012 15:33,19232
05/08/2012 15:34,19264
05/08/2012 15:35,19296
05/08/2012 15:36,19328
05/08/2012 15:37,19360
05/08/2012 15:38,19392
05/08/2012 15:39,19424
05/08/2012 15:40,19456
05/08/2012 15:45,19488
